{
  "test": {
    "normalized_target": {
      "mae": 1.0683804750442505,
      "mse": 1.9112043380737305,
      "r2": -0.9077240228652954,
      "rmse": 1.382463141669148
    },
    "physical_value": {
      "mae": 0.5202192737386084,
      "max_absolute_relative_error": 193408188410.00818,
      "mean_absolute_relative_error": 22716137041.46962,
      "mse": 0.45313549005841663,
      "r2": -0.9077242807556161,
      "rmse": 0.6731533926664981
    }
  },
  "train": {
    "normalized_target": {
      "mae": 1.0711666345596313,
      "mse": 1.908002495765686,
      "r2": -0.9101748466491699,
      "rmse": 1.381304635395714
    },
    "physical_value": {
      "mae": 0.52157588696843,
      "max_absolute_relative_error": 194658465285.9926,
      "mean_absolute_relative_error": 23574428869.119507,
      "mse": 0.4523763490932033,
      "r2": -0.9101747188070939,
      "rmse": 0.6725892870788259
    }
  }
}
