{
  "test": {
    "normalized_target": {
      "mae": 1.650067925453186,
      "mse": 3.8026530742645264,
      "r2": -2.433122158050537,
      "rmse": 1.9500392494164127
    },
    "physical_value": {
      "mae": 6.905352733772697e-05,
      "max_absolute_relative_error": 0.9408403811089563,
      "mean_absolute_relative_error": 0.7407081584376054,
      "mse": 6.659701945620654e-09,
      "r2": -2.433121777279785,
      "rmse": 8.160699691583225e-05
    }
  },
  "train": {
    "normalized_target": {
      "mae": 1.740942120552063,
      "mse": 3.9574246406555176,
      "r2": -3.176115036010742,
      "rmse": 1.9893276855901638
    },
    "physical_value": {
      "mae": 7.285651296044988e-05,
      "max_absolute_relative_error": 0.9485310143079185,
      "mean_absolute_relative_error": 0.7787314072468886,
      "mse": 6.9307587510152825e-09,
      "r2": -3.176114532040261,
      "rmse": 8.325117867643246e-05
    }
  }
}
