{
  "test": {
    "normalized_target": {
      "mae": 1.9349201917648315,
      "mse": 4.580872058868408,
      "r2": -3.518773078918457,
      "rmse": 2.1402971893801124
    },
    "physical_value": {
      "mae": 42.93745482722344,
      "max_absolute_relative_error": 30.43441678073507,
      "mean_absolute_relative_error": 0.8762805448330091,
      "mse": 2255.768912667948,
      "r2": -3.51877273113171,
      "rmse": 47.49493565284564
    }
  },
  "train": {
    "normalized_target": {
      "mae": 1.9299488067626953,
      "mse": 4.551207542419434,
      "r2": -3.5798215866088867,
      "rmse": 2.133355934301502
    },
    "physical_value": {
      "mae": 42.82713529483104,
      "max_absolute_relative_error": 32.76860552609812,
      "mean_absolute_relative_error": 0.8649938545028519,
      "mse": 2241.161327564937,
      "r2": -3.579821249793457,
      "rmse": 47.34090543668273
    }
  }
}
