{
  "test": {
    "normalized_target": {
      "mae": 0.013828270137310028,
      "mse": 0.0027319607324898243,
      "r2": 0.9972675442695618,
      "rmse": 0.0522681617477583
    },
    "physical_value": {
      "mae": 5.61527500436177e-07,
      "max_absolute_relative_error": 4.872697400843664,
      "mean_absolute_relative_error": 0.015411655030920193,
      "mse": 4.5048546368658485e-12,
      "r2": 0.9972675266953589,
      "rmse": 2.1224642840024065e-06
    }
  },
  "train": {
    "normalized_target": {
      "mae": 0.013398905284702778,
      "mse": 0.0023547466844320297,
      "r2": 0.997645378112793,
      "rmse": 0.04852573218852066
    },
    "physical_value": {
      "mae": 5.440921705245041e-07,
      "max_absolute_relative_error": 6.513593529941884,
      "mean_absolute_relative_error": 0.014566200082198728,
      "mse": 3.882849136710949e-12,
      "r2": 0.9976453920248158,
      "rmse": 1.970494642649644e-06
    }
  }
}
