{
  "test": {
    "normalized_target": {
      "mae": 0.0034322054125368595,
      "mse": 4.92978906549979e-05,
      "r2": 0.9999507069587708,
      "rmse": 0.007021245662629808
    },
    "physical_value": {
      "mae": 1.2385191793802672,
      "max_absolute_relative_error": 1.7025315859888177,
      "mean_absolute_relative_error": 0.010817939132360697,
      "mse": 6.419293333679529,
      "r2": 0.9999506841644369,
      "rmse": 2.533632438551324
    }
  },
  "train": {
    "normalized_target": {
      "mae": 0.0034397293347865343,
      "mse": 4.938506390317343e-05,
      "r2": 0.999950647354126,
      "rmse": 0.007027450740003336
    },
    "physical_value": {
      "mae": 1.2412341904561646,
      "max_absolute_relative_error": 1.6384155792209008,
      "mean_absolute_relative_error": 0.010954296985131149,
      "mse": 6.430644230196698,
      "r2": 0.9999506225590309,
      "rmse": 2.5358714932339725
    }
  }
}
