{
  "test": {
    "accuracy": 0.2780487804878049,
    "confusionMatrix": [
      [
        136,
        25,
        144
      ],
      [
        97,
        18,
        324
      ],
      [
        1,
        1,
        74
      ]
    ],
    "crossEntropy": 1.1207594871520996
  },
  "train": {
    "accuracy": 0.29395604395604397,
    "confusionMatrix": [
      [
        559,
        137,
        545
      ],
      [
        430,
        77,
        1193
      ],
      [
        8,
        0,
        327
      ]
    ],
    "crossEntropy": 1.1154754161834717
  }
}
