{
  "test": {
    "normalized_target": {
      "mae": 0.8396018743515015,
      "mse": 1.6162912845611572,
      "r2": -0.6080260276794434,
      "rmse": 1.2713344503163426
    },
    "physical_value": {
      "mae": 3.676360296524278e-05,
      "max_absolute_relative_error": 1.2773742922575981,
      "mean_absolute_relative_error": 0.4948206276955589,
      "mse": 3.0989101867381657e-09,
      "r2": -0.6080262108951757,
      "rmse": 5.5667855956001804e-05
    }
  },
  "train": {
    "normalized_target": {
      "mae": 0.833384096622467,
      "mse": 1.5967711210250854,
      "r2": -0.6009808778762817,
      "rmse": 1.263634093013118
    },
    "physical_value": {
      "mae": 3.6491347841384894e-05,
      "max_absolute_relative_error": 1.3864262891477648,
      "mean_absolute_relative_error": 0.4983139201725958,
      "mse": 3.0614841891984313e-09,
      "r2": -0.6009809730417397,
      "rmse": 5.5330680360885056e-05
    }
  }
}
