{
  "test": {
    "normalized_target": {
      "mae": 10.064432144165039,
      "mse": 102.3162612915039,
      "r2": -102.45268249511719,
      "rmse": 10.115150087443286
    },
    "physical_value": {
      "mae": 287.93659815175107,
      "max_absolute_relative_error": 1.0001256190909673,
      "mean_absolute_relative_error": 0.9844094018155105,
      "mse": 83745.2019277746,
      "r2": -102.45267922197036,
      "rmse": 289.38763264482225
    }
  },
  "train": {
    "normalized_target": {
      "mae": 10.077536582946777,
      "mse": 102.6011734008789,
      "r2": -101.16378021240234,
      "rmse": 10.12922373140602
    },
    "physical_value": {
      "mae": 288.31152104680683,
      "max_absolute_relative_error": 1.0014558761802546,
      "mean_absolute_relative_error": 0.9840966771346493,
      "mse": 83978.40269790663,
      "r2": -101.16379237001765,
      "rmse": 289.79027364269257
    }
  }
}
