{
  "test": {
    "accuracy": 0.99797,
    "confusionMatrix": [
      [
        75648,
        15,
        178
      ],
      [
        25,
        103221,
        23
      ],
      [
        131,
        34,
        20725
      ]
    ],
    "crossEntropy": 0.2431250810623169
  },
  "train": {
    "accuracy": 0.9977349971687465,
    "confusionMatrix": [
      [
        303698,
        55,
        821
      ],
      [
        91,
        412076,
        110
      ],
      [
        581,
        154,
        82413
      ]
    ],
    "crossEntropy": 0.243207648396492
  }
}
