{
  "test": {
    "normalized_target": {
      "mae": 0.009522595442831516,
      "mse": 0.00014245837519410998,
      "r2": 0.999857485294342,
      "rmse": 0.011935592787713141
    },
    "physical_value": {
      "mae": 0.27488455907322534,
      "max_absolute_relative_error": 0.009556524057395504,
      "mean_absolute_relative_error": 0.0009591317145535117,
      "mse": 0.11870746607412104,
      "r2": 0.9998574700444463,
      "rmse": 0.3445394985689174
    }
  },
  "train": {
    "normalized_target": {
      "mae": 0.009527293033897877,
      "mse": 0.00014213983376976103,
      "r2": 0.9998579025268555,
      "rmse": 0.011922241138718887
    },
    "physical_value": {
      "mae": 0.2750201856192664,
      "max_absolute_relative_error": 0.012364960519801049,
      "mean_absolute_relative_error": 0.0009593056247818608,
      "mse": 0.11844204378127388,
      "r2": 0.9998578904980309,
      "rmse": 0.34415409888780035
    }
  }
}
