{
  "test": {
    "normalized_target": {
      "mae": 1.1229192018508911,
      "mse": 2.1643481254577637,
      "r2": -1.1463088989257812,
      "rmse": 1.471172364292425
    },
    "physical_value": {
      "mae": 406.12295202960206,
      "max_absolute_relative_error": 81.93280297049436,
      "mean_absolute_relative_error": 1.4692868782229824,
      "mse": 283103.44211983215,
      "r2": -1.1463088434090536,
      "rmse": 532.0746584078518
    }
  },
  "train": {
    "normalized_target": {
      "mae": 1.1218781471252441,
      "mse": 2.1435699462890625,
      "r2": -1.15207839012146,
      "rmse": 1.464093557901633
    },
    "physical_value": {
      "mae": 405.74643554785035,
      "max_absolute_relative_error": 55.590078954239324,
      "mean_absolute_relative_error": 1.4984690293597203,
      "mse": 280385.5888834172,
      "r2": -1.152078551297008,
      "rmse": 529.5144841110744
    }
  }
}
