{
  "test": {
    "normalized_target": {
      "mae": 0.002422543941065669,
      "mse": 8.99593851499958e-06,
      "r2": 0.9999909996986389,
      "rmse": 0.0029993230094472285
    },
    "physical_value": {
      "mae": 0.05316276738543446,
      "max_absolute_relative_error": 811.727893093446,
      "mean_absolute_relative_error": 0.005095858712811515,
      "mse": 0.00433229706674634,
      "r2": 0.9999909976595405,
      "rmse": 0.06582018738006098
    }
  },
  "train": {
    "normalized_target": {
      "mae": 0.0024189588148146868,
      "mse": 8.970439921540674e-06,
      "r2": 0.9999910593032837,
      "rmse": 0.0029950692682374934
    },
    "physical_value": {
      "mae": 0.05308408979257435,
      "max_absolute_relative_error": 365.59986744972815,
      "mean_absolute_relative_error": 0.0026438967586414437,
      "mse": 0.0043200175245016025,
      "r2": 0.9999910322808597,
      "rmse": 0.06572684021388524
    }
  }
}
