{
  "test": {
    "normalized_target": {
      "mae": 0.0044705686159431934,
      "mse": 0.0004763594479300082,
      "r2": 0.9995234608650208,
      "rmse": 0.021825660309140894
    },
    "physical_value": {
      "mae": 0.0021752923896907602,
      "max_absolute_relative_error": 1034617520155.5725,
      "mean_absolute_relative_error": 690650578.1239074,
      "mse": 0.00011278159616667698,
      "r2": 0.9995234822599264,
      "rmse": 0.010619867991960963
    }
  },
  "train": {
    "normalized_target": {
      "mae": 0.004488382022827864,
      "mse": 0.0005202940665185452,
      "r2": 0.9994797706604004,
      "rmse": 0.022809955425615043
    },
    "physical_value": {
      "mae": 0.0021839596535617694,
      "max_absolute_relative_error": 1028153150209.0853,
      "mean_absolute_relative_error": 691317014.191765,
      "mse": 0.00012318344118885324,
      "r2": 0.9994797788125876,
      "rmse": 0.011098803592678503
    }
  }
}
