{
  "test": {
    "normalized_target": {
      "mae": 0.0029645520262420177,
      "mse": 2.2793677999288775e-05,
      "r2": 0.999977171421051,
      "rmse": 0.004774272509952566
    },
    "physical_value": {
      "mae": 1.3067322355738438e-07,
      "max_absolute_relative_error": 0.09423821419418531,
      "mean_absolute_relative_error": 0.002722527898693808,
      "mse": 4.4286298722995264e-14,
      "r2": 0.9999771888664614,
      "rmse": 2.1044310091565193e-07
    }
  },
  "train": {
    "normalized_target": {
      "mae": 0.0029464259278029203,
      "mse": 2.2590047592530027e-05,
      "r2": 0.9999774098396301,
      "rmse": 0.004752898862013585
    },
    "physical_value": {
      "mae": 1.2987423375098112e-07,
      "max_absolute_relative_error": 0.1264173801535121,
      "mean_absolute_relative_error": 0.0027151247370193667,
      "mse": 4.389066233984263e-14,
      "r2": 0.9999774172907608,
      "rmse": 2.09500984102325e-07
    }
  }
}
